player,position,team,total_passing_distance,total_progressive_passing_distance,short_passes_completed,short_passes_attempted,medium_passes_completed,medium_passes_attempted,long_passes_completed,long_passes_attempted,expected_assisted_goals,expected_assists,assists-expected_assisted_goals,key_passes,passes_into_final_third,passes_into_penalty_area,crosses_into_penalty_area,progressive_passes
Max Aarons,DF,Norwich City,16588,6133,645,713,383,511,57,160,1.7,1.7,0.3,20,50,37,9,117
Che Adams,FW,Southampton,4188,1017,188,256,73,106,18,34,3,1.7,0,26,24,10,0,33
Rayan Aït Nouri,"DF,MF",Wolves,12151,4064,418,472,273,361,54,141,1.6,1.1,0.4,17,28,14,10,49
Kristoffer Ajer,DF,Brentford,10133,4740,303,372,255,342,47,105,1.7,1.8,1.3,8,41,13,2,82
Nathan Aké,DF,Manchester City,13200,4534,373,399,384,416,29,42,0.6,0.5,-0.6,2,63,3,0,57
Marc Albrighton,"FW,DF",Leicester City,5152,2040,220,258,86,145,26,94,2,1,0,11,23,8,6,26
Thiago Alcántara,MF,Liverpool,24737,7150,573,624,594,640,150,190,2.3,1.7,1.7,29,211,26,1,214
Trent Alexander-Arnold,DF,Liverpool,40112,15683,841,964,811,1048,344,636,12,13,0,90,245,85,25,267
Alisson Becker,GK,Liverpool,28439,18286,275,276,686,699,249,409,0.2,0,0.8,1,16,1,0,1
Allan,MF,Everton,12868,4192,356,405,337,402,57,102,0.8,1,1.2,15,103,20,3,130
Dele Alli,MF,Tottenham,2353,563,105,124,45,53,10,20,0.3,0.4,-0.3,2,14,4,1,18
Dele Alli,"MF,FW",Everton,1696,434,63,81,34,45,9,12,0.4,0.4,-0.4,7,10,3,1,13
Miguel Almirón,"MF,FW",Newcastle Utd,5720,1254,229,264,118,149,23,38,0.9,0.6,-0.9,16,26,5,0,46
Marcos Alonso,DF,Chelsea,17781,5763,624,709,387,478,84,194,4.5,3.4,-0.5,43,67,34,15,93
Steven Alzate,MF,Brighton,3213,865,105,116,72,78,17,24,0.2,0.2,-0.2,2,18,1,0,21
Daniel Amartey,DF,Leicester City,25246,8400,508,550,769,810,103,140,0.2,0.4,-0.2,4,71,1,0,62
Joachim Andersen,DF,Crystal Palace,44144,15836,410,480,1138,1224,349,604,1.7,1.9,1.3,20,151,11,2,100
Michail Antonio,FW,West Ham,6545,1294,252,324,121,192,37,63,6,5,2,45,24,27,12,46
Cameron Archer,"FW,MF",Aston Villa,62,29,3,3,1,1,0,0,0,0,0,0,0,0,0,0
Alphonse Areola,GK,West Ham,785,656,2,2,8,8,11,30,0,0,0,0,0,0,0,0
Adam Armstrong,FW,Southampton,3453,610,111,142,93,126,12,22,1.6,1.4,0.4,13,11,13,0,30
Stuart Armstrong,MF,Southampton,8618,2144,321,386,217,250,25,42,1.5,1.4,-1.5,25,46,23,4,83
Kepa Arrizabalaga,GK,Chelsea,2398,1340,36,36,55,55,21,44,0,0,0,0,1,0,0,0
Harrison Ashby,DF,West Ham,110,8,5,5,1,1,1,1,0,0,0,0,0,0,0,0
Pierre-Emerick Aubameyang,FW,Arsenal,1801,404,90,115,37,64,4,9,1,0.9,0,9,6,8,0,26
Jordan Ayew,FW,Crystal Palace,7894,1509,346,389,180,228,17,54,2.8,2.9,0.2,23,31,16,6,51
Luke Ayling,DF,Leeds United,22964,10551,535,606,517,619,154,294,1.8,1,0.2,12,98,11,4,135
César Azpilicueta,DF,Chelsea,22185,8377,809,904,565,643,65,139,1.8,2.3,0.2,17,104,19,2,138
Daniel Bachmann,GK,Watford,7080,5483,19,19,104,109,93,234,0,0,0,0,9,0,0,0
Leon Bailey,"FW,MF",Aston Villa,2354,518,76,95,47,66,15,36,0.8,1.1,1.2,7,6,9,1,24
Eric Bailly,DF,Manchester Utd,1229,484,28,31,36,40,4,13,0,0,0,0,3,0,0,5
Folarin Balogun,FW,Arsenal,46,7,3,4,1,3,0,0,0,0,0,0,0,0,0,0
Patrick Bamford,FW,Leeds United,1103,200,60,68,20,25,3,6,1.1,0.4,0.9,5,5,6,1,12
Shandon Baptiste,MF,Brentford,3885,900,140,156,85,99,17,30,0.5,0.5,-0.5,9,21,6,1,35
Ross Barkley,"MF,FW",Chelsea,1633,369,59,66,32,39,9,11,0.5,0.7,-0.5,8,6,7,0,14
Ashley Barnes,FW,Burnley,1577,452,81,108,30,52,5,10,0.9,1,-0.9,8,21,5,1,17
Harvey Barnes,"FW,MF",Leicester City,6899,1906,366,442,137,199,15,34,4.6,3.2,5.4,29,26,24,7,59
Lewis Bate,MF,Leeds United,654,199,23,30,15,17,3,5,0,0,0,0,2,0,0,6
Mads Bech Sørensen,DF,Brentford,7386,3006,143,161,209,262,37,75,0.4,0.3,-0.4,7,19,4,3,20
Jan Bednarek,DF,Southampton,22224,8000,462,523,597,693,117,231,0.4,0.7,-0.4,6,81,1,1,61
Donny van de Beek,MF,Manchester Utd,348,170,18,21,5,6,1,1,0.4,0.2,-0.4,3,2,3,0,4
Donny van de Beek,MF,Everton,2732,712,112,128,73,85,3,12,0.1,0.2,-0.1,2,21,3,0,20
Asmir Begović,GK,Everton,1601,1416,2,2,14,14,23,68,0,0,0,0,0,0,0,0
Saïd Benrahma,"FW,MF",West Ham,8891,2023,367,432,191,250,32,68,3.7,3.3,2.3,32,37,29,10,73
Rodrigo Bentancur,MF,Tottenham,14966,3399,420,454,384,409,64,88,2.6,1.4,1.4,15,81,4,2,76
Christian Benteke,FW,Crystal Palace,2718,483,116,159,54,89,10,15,1.3,1,-0.3,13,12,10,0,24
Jóhann Berg Guðmundsson,MF,Burnley,2955,687,132,166,50,85,15,45,0.5,0.8,0.5,6,7,11,9,16
Steven Bergwijn,"FW,MF",Tottenham,1756,392,98,113,30,38,4,7,0.9,1.2,0.1,8,9,6,0,17
Ryan Bertrand,DF,Leicester City,2212,828,88,97,51,63,8,18,0,0.1,0,0,12,1,0,17
Mads Bidstrup,MF,Brentford,140,31,4,5,4,5,1,1,0,0,0,0,0,0,0,0
Yves Bissouma,MF,Brighton,17341,3663,517,556,419,456,87,112,0.8,0.7,1.2,8,73,13,0,92
Willy Boly,DF,Wolves,8303,3409,193,209,239,268,30,67,0.1,0.1,-0.1,1,20,0,0,20
Jarrod Bowen,FW,West Ham,9502,2529,302,372,167,225,74,171,6.1,4.3,3.9,41,30,24,3,66
Jarrad Branthwaite,DF,Everton,1392,666,45,53,33,42,7,15,0,0,0,0,9,0,0,12
Armando Broja,FW,Southampton,2594,572,167,249,48,87,1,7,1,0.3,-1,10,13,2,0,29
Josh Brownhill,MF,Burnley,13793,4197,463,547,291,389,77,147,2.6,3.2,0.4,40,97,22,3,106
Lewis Brunt,MF,Leicester City,365,28,10,10,10,10,1,1,0,0,0,0,1,0,0,2
Emi Buendía,"MF,FW",Aston Villa,10017,2688,418,482,199,248,42,79,5.8,4.2,0.2,48,71,43,3,117
Dan Burn,DF,Newcastle Utd,8701,2825,154,186,263,304,35,82,0.4,0.3,0.6,4,32,0,0,31
Dan Burn,DF,Brighton,10143,3167,171,205,298,331,49,90,0.5,0.1,-0.5,2,43,1,0,50
Jack Butland,GK,Crystal Palace,4835,2860,61,61,108,108,40,113,0,0,0,0,2,0,0,0
Sam Byram,DF,Norwich City,5981,1974,219,248,144,197,17,36,0.2,0.3,-0.2,4,15,2,0,23
Willy Caballero,GK,Southampton,1320,1119,6,6,12,12,19,42,0,0,0,0,1,0,0,0
Moisés Caicedo,MF,Brighton,3117,843,144,164,59,75,12,17,0.3,0.4,0.7,4,19,2,0,22
Dominic Calvert-Lewin,FW,Everton,1807,408,111,169,31,51,3,4,1.6,1.2,0.4,10,10,4,0,17
Chem Campbell,MF,Wolves,90,14,8,9,1,1,0,0,0,0,0,0,0,0,0,0
João Cancelo,DF,Manchester City,44538,12620,1610,1732,938,1130,208,346,5.4,6.6,1.6,39,308,96,12,357
Sergi Canós,"DF,FW",Brentford,7092,2936,253,316,140,235,38,134,1.7,2.3,0.3,17,47,24,9,59
Todd Cantwell,"FW,MF",Norwich City,1766,386,84,93,35,43,5,10,0.1,0.4,-0.1,2,13,2,0,10
Matty Cash,DF,Aston Villa,18719,7079,547,631,435,606,101,291,2.8,2.4,0.2,28,71,32,16,96
Timothy Castagne,DF,Leicester City,16391,5539,611,694,393,467,56,101,1.5,1,-1.5,15,66,14,8,72
Jonny Castro,DF,Wolves,7860,2250,280,317,188,218,31,42,1.3,0.7,-1.3,11,20,7,4,35
Craig Cathcart,DF,Watford,16030,5348,231,276,418,476,112,184,1.2,0.4,-0.2,3,48,4,1,52
Edinson Cavani,FW,Manchester Utd,2277,238,105,129,43,59,7,11,1.2,0.9,-0.2,7,4,2,0,9
Kayky Chagas,FW,Manchester City,21,0,2,2,0,0,0,0,0,0,0,0,0,0,0,0
Trevoh Chalobah,DF,Chelsea,18559,5304,564,607,517,548,60,94,0.3,0.5,0.7,4,106,6,0,88
Calum Chambers,DF,Arsenal,1255,366,45,50,23,28,9,15,0.1,0,-0.1,1,5,1,1,7
Calum Chambers,DF,Aston Villa,7729,3032,139,154,218,240,39,76,0.1,0.4,-0.1,2,31,5,0,31
Daniel Chesters,MF,West Ham,0,0,0,0,0,0,0,0,0,0,0,0,0,0,0,0
Ben Chilwell,DF,Chelsea,3845,959,164,179,75,98,15,41,0.8,0.7,0.2,10,7,6,1,18
Chiquinho,"DF,FW",Wolves,1130,423,45,57,17,27,7,16,0.7,0.6,2.3,5,4,4,4,7
Hamza Choudhury,"DF,MF",Leicester City,2041,543,68,74,47,54,10,18,0,0,0,0,3,0,0,5
Andreas Christensen,DF,Chelsea,21164,7424,495,535,586,631,100,135,0.2,0.5,-0.2,6,88,6,1,81
Carney Chukwuemeka,"MF,FW",Aston Villa,1261,218,66,74,26,30,3,3,1,0.6,0,2,5,0,0,7
Ciaran Clark,DF,Newcastle Utd,5127,1772,110,126,152,181,20,41,0.3,0.3,0.7,4,15,1,1,17
Tom Cleverley,MF,Watford,7468,2178,239,280,169,212,40,109,2.1,1.3,-0.1,20,42,8,5,64
Nathaniel Clyne,DF,Crystal Palace,8523,3116,289,322,228,292,22,64,0.4,0.5,0.6,6,24,7,3,36
Conor Coady,DF,Wolves,33155,12540,322,348,927,977,257,343,0.1,0.2,-0.1,3,51,3,0,35
Séamus Coleman,DF,Everton,14739,6578,497,569,316,447,76,168,0.8,1.5,-0.8,13,86,26,13,96
Nathan Collins,DF,Burnley,8648,3847,158,201,232,297,50,127,1.5,0.8,-1.5,6,46,5,1,44
Aaron Connolly,"FW,MF",Brighton,172,16,8,8,5,5,0,1,0.1,0.1,-0.1,1,0,0,0,1
Liam Cooper,DF,Leeds United,18604,6591,335,378,547,600,86,171,0.1,0.2,0.9,4,31,0,0,46
Jack Cork,MF,Burnley,6846,1918,217,273,143,191,43,71,0.3,0.3,-0.3,6,45,5,1,46
Maxwel Cornet,"FW,MF",Burnley,3679,860,168,222,68,99,15,48,1.7,1.7,-0.7,15,15,14,4,30
Hélder Costa,MF,Leeds United,79,0,2,2,3,3,0,0,0,0,0,0,0,0,0,0
Vladimír Coufal,DF,West Ham,15293,6881,538,630,362,524,63,186,2.1,2.6,1.9,21,63,30,16,113
Philippe Coutinho,"MF,FW",Aston Villa,8091,2160,292,340,175,205,38,61,2.9,1.7,0.1,25,71,16,3,94
Aaron Cresswell,DF,West Ham,27331,11135,837,912,650,755,134,318,3.2,3,-0.2,31,131,19,12,186
Charlie Cresswell,DF,Leeds United,1560,592,23,29,43,50,9,24,0,0,0,0,3,0,0,4
Cucho,"FW,MF",Watford,3852,1368,126,172,68,106,31,66,1.9,1.1,0.1,20,21,15,6,39
Marc Cucurella,DF,Brighton,29046,9900,1014,1131,718,856,110,219,2.7,2.8,-1.7,42,158,49,17,191
Luke Cundle,MF,Wolves,1485,302,48,51,38,42,7,9,0.2,0.2,-0.2,2,11,2,0,9
Patson Daka,FW,Leicester City,2158,323,99,125,49,59,4,7,2,0.8,1,13,6,5,0,17
Stuart Dallas,"DF,MF",Leeds United,20351,7389,730,812,440,539,99,227,2.3,2.5,-1.3,31,108,24,5,170
Diogo Dalot,DF,Manchester Utd,17062,6008,407,477,396,490,117,181,1.2,1.3,-1.2,16,80,21,7,105
Karl Darlow,GK,Newcastle Utd,6276,4923,13,13,42,43,99,191,0,0,0,0,10,0,0,0
Josh Dasilva,"MF,FW",Brentford,1172,336,38,43,32,40,2,4,0.1,0.3,-0.1,3,6,4,0,11
Ben Davies,DF,Tottenham,22461,7504,696,757,602,681,68,137,0.5,0.9,0.5,11,112,14,3,137
Tom Davies,MF,Everton,822,261,35,38,18,24,2,6,0,0.1,0,0,4,1,0,7
Keinan Davis,FW,Aston Villa,44,24,1,1,2,2,0,0,0,0,0,0,0,0,0,0
Craig Dawson,DF,West Ham,21842,7575,328,360,539,603,161,292,1,1,1,4,85,0,0,54
Kevin De Bruyne,MF,Manchester City,19948,5365,581,663,434,558,122,249,10.4,7.5,-2.4,87,143,65,10,204
Troy Deeney,FW,Watford,24,10,3,5,0,1,0,0,0.1,0,-0.1,1,1,0,0,1
Liam Delap,FW,Manchester City,13,9,1,1,0,0,0,0,0,0,0,0,0,0,0,1
Fabian Delph,MF,Everton,4612,1427,125,138,90,103,35,48,0.1,0.1,-0.1,4,37,2,0,34
Leander Dendoncker,MF,Wolves,11172,2199,328,377,301,328,45,57,1.1,0.4,0.9,11,52,4,0,64
Emmanuel Dennis,"FW,MF",Watford,5461,1617,261,349,100,147,21,37,4.1,2.1,1.9,33,26,19,4,61
Kiernan Dewsbury-Hall,MF,Leicester City,13947,3778,542,623,308,394,55,134,2.7,2.6,-0.7,35,103,26,7,132
Ibrahima Diallo,MF,Southampton,5657,1490,190,232,132,155,26,35,1,0.3,1,16,43,3,2,57
Rúben Dias,DF,Manchester City,40019,12614,742,786,1201,1248,173,218,3.2,1.9,0.8,15,209,3,0,139
Luis Díaz,FW,Liverpool,5406,1093,240,264,116,133,22,25,2.6,1.5,0.4,20,14,22,4,38
Eric Dier,DF,Tottenham,39774,16697,680,719,1138,1216,211,351,1.1,1.1,-1.1,7,98,9,1,103
Lucas Digne,DF,Aston Villa,9033,3799,389,436,189,251,35,104,2.2,1.7,1.8,30,33,24,14,48
Lucas Digne,DF,Everton,7850,3856,271,312,171,235,40,97,1.4,1.2,-1.4,22,41,9,4,49
Issa Diop,DF,West Ham,6741,2822,166,181,203,225,21,49,0.4,0.6,0.6,1,15,0,0,14
Moussa Djenepo,MF,Southampton,1480,513,58,68,39,51,4,10,0.3,0.5,-0.3,6,10,9,2,18
Lewis Dobbin,"FW,MF",Everton,92,22,3,3,0,2,2,3,0,0,0,0,2,0,0,1
Matt Doherty,DF,Tottenham,6693,1596,252,286,145,175,32,45,2,1.4,2,15,13,10,4,24
Gabriel Dos Santos,DF,Arsenal,34814,11568,602,634,1069,1129,144,248,0.7,0.6,-0.7,9,126,2,0,110
Abdoulaye Doucouré,MF,Everton,12771,3058,490,581,296,351,45,72,2,1.3,2,19,81,19,0,113
Kieran Dowell,"FW,MF",Norwich City,3517,1068,123,157,69,89,19,53,1.5,1,-0.5,16,21,9,3,31
Cody Drameh,"DF,MF",Leeds United,826,362,29,38,24,26,2,4,0,0,0,1,4,2,1,6
Martin Dúbravka,GK,Newcastle Utd,18819,14800,62,62,228,233,242,544,0,0,0,2,13,0,0,0
Shane Duffy,DF,Brighton,18829,5992,249,277,535,572,117,177,0.2,0.2,-0.2,4,50,1,0,41
Paul Dummett,DF,Newcastle Utd,771,363,31,36,17,26,3,10,0,0,0,0,3,0,0,5
Lewis Dunk,DF,Brighton,35875,11690,467,508,1019,1077,228,338,0.4,0.4,-0.4,3,87,4,1,83
Ederson,GK,Manchester City,22789,14725,280,280,519,523,212,316,0,0.1,0,0,7,1,0,3
Odsonne Édouard,FW,Crystal Palace,3784,791,210,265,75,105,5,7,1.9,1.6,1.1,21,24,10,0,42
CJ Egan-Riley,DF,Manchester City,29,27,0,0,1,1,0,0,0,0,0,0,0,0,0,0
Anthony Elanga,FW,Manchester Utd,4282,910,229,265,71,97,12,21,2.4,1.2,-0.4,9,11,8,2,18
Harvey Elliott,MF,Liverpool,3057,789,121,135,68,79,11,14,0.6,0.4,-0.6,9,21,6,2,36
Mohamed Elneny,MF,Arsenal,8669,2398,248,263,236,242,32,39,0.4,0.3,1.6,9,59,2,0,43
Mohamed Elyounoussi,"MF,FW",Southampton,5864,1378,279,367,118,168,15,38,2.3,2.1,-0.3,28,39,19,3,81
Emerson,"DF,MF",Tottenham,16330,4045,686,762,368,459,52,94,2.2,3,-1.2,28,32,28,14,68
Christian Eriksen,MF,Brentford,9842,3756,193,210,171,215,102,179,3.5,2.8,0.5,30,84,17,7,82
Oghenekaro Etebo,MF,Watford,3035,923,50,54,79,85,21,26,0.1,0.2,-0.1,2,15,3,1,16
Jonny Evans,DF,Leicester City,16742,6172,251,290,492,532,95,177,0.8,0.7,0.2,4,52,5,0,49
Eberechi Eze,"MF,FW",Crystal Palace,3880,972,124,145,82,101,25,41,0.9,0.8,0.1,11,22,7,2,33
Łukasz Fabiański,GK,West Ham,20643,15735,110,111,270,274,281,622,0,0,0,0,10,0,0,0
Fabinho,MF,Liverpool,21821,5712,676,741,548,608,94,135,1.3,1.9,-0.3,16,151,12,1,134
Kiko Femenía,DF,Watford,13397,6151,485,566,300,425,54,166,3.6,2.3,1.4,25,56,22,9,100
Evan Ferguson,MF,Brighton,73,0,3,4,0,0,1,1,0,0,0,0,0,0,0,0
Nathan Ferguson,DF,Crystal Palace,29,30,3,3,0,0,0,2,0,0,0,0,0,0,0,0
Bruno Fernandes,MF,Manchester Utd,26517,7848,792,925,509,636,195,371,9,6.9,-3,88,170,81,14,237
Álvaro Fernández,GK,Brentford,8817,5774,77,79,149,154,109,282,0,0,0,0,10,0,0,1
Federico Fernández,DF,Newcastle Utd,3540,1534,60,63,99,108,21,35,0.3,0.2,-0.3,1,6,0,0,12
Fernandinho,"MF,DF",Manchester City,12820,3829,344,368,326,360,56,79,1,1.1,0,10,74,17,1,81
Roberto Firmino,FW,Liverpool,5132,1178,237,266,107,150,15,21,1.7,1.7,2.3,16,31,12,1,40
Junior Firpo,"DF,MF",Leeds United,12029,4281,417,475,299,362,38,71,1.9,1.6,0.1,22,70,16,6,111
Ashley Fletcher,FW,Watford,23,10,2,2,0,0,0,0,0,0,0,0,0,0,0,0
Phil Foden,FW,Manchester City,12909,2621,542,595,235,294,56,115,6.3,5.3,-1.3,40,50,37,9,98
Wesley Fofana,DF,Leicester City,8686,2839,168,183,266,284,29,50,0,0.1,0,2,25,0,0,28
Pablo Fornals,"FW,MF",West Ham,17266,5582,529,613,363,484,111,205,6.3,4.5,-3.3,48,111,51,8,191
Adam Forshaw,MF,Leeds United,11652,3225,342,389,253,290,73,103,1,0.7,0,13,68,8,0,80
Marcus Forss,"FW,MF",Brentford,341,115,12,19,5,9,3,3,0.2,0,0.8,1,5,1,0,6
Fraser Forster,GK,Southampton,11459,8540,48,49,167,173,144,377,0,0,0,0,11,0,0,0
Ben Foster,GK,Watford,16732,14440,38,39,137,148,253,692,0.1,0.1,0.9,1,33,1,0,0
Tariqe Fosu,DF,Brentford,103,13,2,2,4,5,0,0,0,0,0,0,0,0,0,1
Ryan Fraser,"FW,MF",Newcastle Utd,5352,1620,197,234,86,128,40,84,2.1,2.3,0.9,25,18,24,15,34
Fred,MF,Manchester Utd,18842,5515,547,626,448,506,92,118,2.2,3,1.8,28,131,13,1,138
Ryan Fredericks,DF,West Ham,1514,465,72,85,34,48,3,6,0.1,0.1,-0.1,2,2,2,1,6
Leo Fuhr Hjelde,"MF,DF",Leeds United,1120,430,48,57,22,32,5,13,0,0,0,1,3,0,0,3
Conor Gallagher,MF,Crystal Palace,14543,3809,443,517,305,386,88,173,3.1,3.1,-0.1,38,86,20,9,94
Alejandro Garnacho,"FW,MF",Manchester Utd,22,1,2,2,0,0,0,0,0,0,0,0,0,0,0,0
Dwight Gayle,"FW,DF",Newcastle Utd,104,12,11,12,0,1,0,0,0.3,0.1,-0.3,2,1,0,0,0
Jean-Philippe Gbamin,MF,Everton,207,38,11,13,4,6,0,1,0,0,0,0,1,0,0,0
David de Gea,GK,Manchester Utd,16463,11234,176,178,332,343,166,397,0,0,0,0,5,0,0,0
Joe Gelhardt,"FW,MF",Leeds United,1166,344,58,81,28,46,2,5,1.6,1.4,0.4,9,5,10,2,15
Anwar El Ghazi,"FW,MF",Aston Villa,1091,314,60,70,17,30,3,5,0.4,0.4,0.6,5,0,4,3,5
Anwar El Ghazi,"FW,MF",Everton,80,18,5,5,1,2,0,0,0,0,0,0,1,0,0,0
Saman Ghoddos,"MF,DF",Brentford,2264,747,79,105,50,66,11,32,1.2,1,-0.2,6,11,11,3,25
Dimitris Giannoulis,DF,Norwich City,7839,2988,320,367,189,253,16,62,0.6,1,0.4,9,24,14,2,40
Morgan Gibbs-White,"DF,FW",Wolves,77,26,6,7,1,1,0,1,0,0,0,0,2,0,0,2
Ben Gibson,DF,Norwich City,22279,9598,361,400,627,688,121,268,0.2,0.3,-0.2,3,74,5,0,68
Bryan Gil,"FW,MF",Tottenham,660,188,32,36,11,15,3,4,0.1,0.2,-0.1,2,0,4,2,7
Billy Gilmour,MF,Norwich City,18498,5588,456,514,357,419,152,258,1.4,1.9,-0.4,25,94,17,3,112
Ben Godfrey,DF,Everton,10370,3667,277,335,285,354,36,79,0.8,0.7,-0.8,12,47,13,4,67
André Gomes,MF,Everton,3491,1060,116,134,75,89,19,37,0.2,0.2,0.8,4,29,4,2,25
Toti Gomes,DF,Wolves,2485,981,75,91,67,79,8,27,0,0,0,0,12,0,0,7
Joe Gomez,DF,Liverpool,4200,1139,103,119,101,126,24,37,0.8,0.5,0.2,3,27,3,2,36
Charlie Goode,DF,Brentford,4380,1512,46,66,113,154,36,73,1,0.7,-1,7,17,2,2,18
Anthony Gordon,"MF,FW",Everton,6816,1929,265,340,151,224,28,92,3.8,3.1,-1.8,35,27,21,8,51
Kaide Gordon,FW,Liverpool,35,0,1,1,1,1,0,0,0,0,0,0,0,0,0,0
Dan Gosling,MF,Watford,836,216,31,33,19,22,4,6,0,0,0,1,4,0,0,4
Demarai Gray,"MF,FW",Everton,9290,2076,277,315,182,246,65,129,3.6,3.5,0.4,41,23,23,7,59
Jack Grealish,FW,Manchester City,11275,2149,543,578,230,260,30,42,6,4.6,-3,53,30,43,1,100
Mason Greenwood,"FW,MF",Manchester Utd,6461,1375,204,236,137,162,37,64,1.8,1.3,-0.8,17,31,13,3,39
Sam Greenwood,"MF,FW",Leeds United,731,134,30,37,18,24,1,10,0.2,0,1.8,4,5,1,0,5
Pascal Groß,"MF,DF",Brighton,18387,5413,446,508,397,481,135,267,5.5,4.6,-1.5,60,94,37,12,149
Vicente Guaita,GK,Crystal Palace,17570,10060,241,242,345,348,171,369,0,0,0,0,3,0,0,0
Marc Guéhi,DF,Crystal Palace,40390,14502,664,722,1162,1261,214,342,1.3,1,-0.3,6,116,3,0,111
Bruno Guimarães,MF,Newcastle Utd,7876,1942,208,231,156,178,59,73,1.1,1.4,-0.1,12,41,13,4,54
İlkay Gündoğan,MF,Manchester City,18647,4054,608,648,412,456,105,151,4.9,4.2,-0.9,38,95,22,1,126
Angus Gunn,GK,Norwich City,5494,3524,60,60,72,73,74,168,0,0,0,0,1,0,0,0
Grant Hanley,DF,Norwich City,20556,6269,381,445,590,650,101,183,0.9,0.4,-0.9,6,23,3,0,27
Jack Harrison,"FW,MF",Leeds United,9472,3280,407,510,187,300,36,117,3.2,2.5,-2.2,42,49,35,8,89
Kortney Hause,DF,Aston Villa,3322,1231,65,73,89,101,19,40,0,0.1,0,0,11,0,0,14
Kai Havertz,"FW,MF",Chelsea,6322,1194,360,408,111,143,12,16,2.2,1.7,0.8,21,34,19,1,62
Isaac Hayden,"MF,DF",Newcastle Utd,4160,911,129,151,99,120,18,34,0,0.1,0,2,20,0,0,15
Hwang Hee-chan,"FW,MF",Wolves,7634,1456,291,341,160,187,37,51,1.3,1.3,-0.3,16,31,14,0,57
Jordan Henderson,MF,Liverpool,31808,8574,874,975,801,921,153,228,3.5,3.7,1.5,38,215,52,14,245
Jeff Hendrick,MF,Newcastle Utd,489,43,12,13,12,12,3,4,0,0,0,1,2,0,0,0
Wayne Hennessey,GK,Burnley,1981,1872,2,2,6,6,33,69,0.2,0.1,-0.2,3,6,0,0,0
Rico Henry,DF,Brentford,13166,4427,504,592,287,396,58,132,1.7,2.2,-1.7,18,60,29,15,81
Son Heung-min,"MF,FW",Tottenham,12453,3148,569,623,239,316,48,151,7.5,5.6,-0.5,72,33,42,4,90
Ki-Jana Hoever,"DF,MF",Wolves,1691,512,54,71,51,68,4,8,0.1,0.1,-0.1,1,3,2,1,5
Rob Holding,DF,Arsenal,7860,2536,147,160,241,261,29,55,0,0,0,0,30,0,0,23
Mason Holgate,DF,Everton,12159,4600,192,260,289,368,94,213,0.1,0.3,0.9,3,43,2,0,40
Callum Hudson-Odoi,"MF,FW",Chelsea,4453,981,203,232,87,109,15,33,2.1,1.9,-0.1,25,9,18,4,41
Will Hughes,MF,Crystal Palace,7228,1815,206,232,184,205,31,64,0.6,0.6,0.4,9,31,6,2,38
Pierre Højbjerg,MF,Tottenham,37884,10800,1115,1199,877,961,194,269,2.3,2.9,-0.3,25,229,36,3,242
Adam Idah,"FW,MF",Norwich City,1466,288,53,68,32,46,5,10,0.6,0.5,0.4,5,8,5,2,10
Kelechi Iheanacho,FW,Leicester City,3603,768,170,195,66,85,12,24,2.5,1.7,2.5,17,22,13,1,37
Danny Ings,FW,Aston Villa,3233,781,147,189,60,90,13,28,1.6,0.9,4.4,15,19,13,0,39
Tim Iroegbunam,MF,Aston Villa,288,155,14,18,8,9,0,0,0,0,0,0,3,0,0,4
Alex Iwobi,"MF,DF",Everton,9080,3232,324,366,192,248,48,89,2.6,3,-0.6,36,61,40,6,103
Daniel James,FW,Manchester Utd,193,40,15,19,2,5,0,1,0.3,0,-0.3,2,1,0,0,3
Daniel James,"FW,MF",Leeds United,4327,1156,205,256,84,151,15,34,2.9,1.7,1.1,24,26,18,2,57
Reece James,DF,Chelsea,22184,5499,803,856,509,593,93,133,5.9,4.8,3.1,48,67,51,15,149
Vitaly Janelt,MF,Brentford,12860,4122,341,413,321,388,65,136,1.9,2,-1.9,23,80,13,3,103
Pontus Jansson,DF,Brentford,22414,7103,421,498,703,821,77,145,0.3,0.6,0.7,5,35,0,0,67
Mathias Jensen,MF,Brentford,11460,3742,247,294,201,260,115,203,3.2,3.4,-2.2,35,74,28,10,103
Gabriel Jesus,FW,Manchester City,8461,1409,398,457,175,206,21,31,5.7,3.5,2.3,38,15,30,4,55
Raúl Jiménez,FW,Wolves,7513,1631,325,409,147,206,31,50,3.1,3.2,0.9,38,38,19,2,65
João Pedro,"FW,MF",Watford,6100,1580,210,299,122,163,38,57,2.8,1.4,-1.8,19,43,20,3,77
Joelinton,"MF,FW",Newcastle Utd,10060,2661,421,515,216,275,35,54,1.9,1.3,-0.9,29,68,17,2,92
Ben Johnson,DF,West Ham,9212,3629,252,295,201,281,57,139,0.6,0.4,-0.6,9,50,14,12,64
Curtis Jones,MF,Liverpool,8198,1811,289,305,204,219,31,44,0.6,0.5,0.4,11,53,10,1,58
Phil Jones,DF,Manchester Utd,1169,448,33,36,36,37,1,4,0,0,0,0,5,0,0,2
Jorginho,MF,Chelsea,26181,7227,862,928,669,730,91,140,2.7,1.9,-0.7,27,186,36,0,178
Diogo Jota,FW,Liverpool,7799,1928,324,397,183,231,22,46,5.8,3.5,-1.8,40,46,26,2,87
James Justin,DF,Leicester City,7701,2669,328,360,166,208,24,57,1,0.7,-1,9,23,7,3,44
Mathias Jørgensen,DF,Brentford,4576,2071,122,141,105,140,29,51,0.3,0.2,-0.3,3,14,1,1,18
Ozan Kabak,DF,Norwich City,6460,2309,127,147,190,213,28,56,0,0.2,0,2,16,1,0,20
Christian Kabasele,DF,Watford,7689,2857,94,112,236,268,41,85,0.2,0.1,-0.2,2,19,1,1,21
Samuel Kalu,FW,Watford,771,196,40,44,11,14,3,8,0.1,0.1,-0.1,1,3,3,0,8
Hassane Kamara,DF,Watford,10140,4864,352,416,223,311,48,137,0.6,0.7,-0.6,10,47,10,4,55
Harry Kane,FW,Tottenham,11124,3759,305,397,197,283,91,140,9.1,5.5,-0.1,49,89,42,6,143
N'Golo Kanté,MF,Chelsea,16188,4538,630,695,397,450,43,61,2.1,2.4,1.9,24,105,29,0,159
Edo Kayembe,MF,Watford,6881,1938,159,176,166,187,43,59,0.3,0.3,-0.3,6,42,1,0,47
Moise Kean,FW,Everton,11,0,1,1,0,0,0,0,0,0,0,0,0,0,0,0
Michael Keane,DF,Everton,19535,8021,299,364,457,535,154,276,1.6,0.5,0.4,8,83,5,0,79
Naby Keïta,MF,Liverpool,9141,2501,380,425,219,251,22,33,1.9,2.1,-0.9,15,56,21,0,75
Caoimhín Kelleher,GK,Liverpool,1669,806,21,21,51,51,10,18,0,0,0,0,0,0,0,0
Kenedy,DF,Chelsea,565,139,18,24,15,18,2,5,0.6,0.1,0.4,2,2,4,0,5
Jonjoe Kenny,DF,Everton,5670,2338,185,209,122,166,32,71,0.8,0.6,0.2,11,35,10,7,36
Max Kilman,DF,Wolves,23958,8631,537,588,626,692,131,210,0.2,0.4,-0.2,3,98,3,0,95
Joshua King,FW,Watford,4984,1028,227,290,109,153,13,18,3.8,2.3,-0.8,35,29,17,4,39
Kristoffer Klaesson,GK,Leeds United,219,164,2,2,5,5,2,4,0,0,0,0,0,0,0,0
Mateusz Klich,MF,Leeds United,11259,3630,453,514,240,314,38,84,2.2,2,-0.2,31,72,23,3,105
Robin Koch,"MF,DF",Leeds United,10037,3504,224,279,268,326,45,73,0.4,0.3,-0.4,5,47,6,0,52
Sead Kolašinac,DF,Arsenal,215,49,5,6,7,9,0,0,0,0,0,0,1,0,0,0
Ibrahima Konaté,DF,Liverpool,12042,5092,237,257,379,410,38,67,0,0.2,0,0,47,5,0,51
Ezri Konsa,DF,Aston Villa,15392,5885,345,381,470,505,46,94,0.3,0.5,-0.3,4,30,0,0,45
Cheikhou Kouyaté,MF,Crystal Palace,10088,2834,338,390,253,308,36,58,0.8,1,0.2,5,44,3,1,54
Mateo Kovačić,MF,Chelsea,17022,4072,537,580,405,453,77,106,3.2,3,1.8,27,127,23,1,135
Emil Krafth,DF,Newcastle Utd,8120,3587,292,348,203,287,24,78,1,0.8,0,6,35,7,1,50
Alex Král,MF,West Ham,0,0,0,1,0,1,0,0,0,0,0,0,0,0,0,0
Tim Krul,GK,Norwich City,21441,14060,104,105,370,382,284,583,0.6,0.5,-0.6,1,7,1,0,1
Juraj Kucka,MF,Watford,7757,2545,244,322,176,247,39,76,0.9,1.2,0.1,10,41,7,4,60
Dejan Kulusevski,"MF,FW",Tottenham,5431,1144,259,287,107,127,17,24,3.4,2.7,4.6,25,15,24,5,35
Alexandre Lacazette,FW,Arsenal,4595,1048,215,264,89,117,12,21,3,1.8,4,29,30,19,1,52
Adam Lallana,MF,Brighton,11641,2793,502,552,265,288,28,53,0.9,1,0.1,8,58,17,1,76
Tariq Lamptey,"DF,FW",Brighton,8281,1729,373,416,186,252,19,50,2.6,2.9,-0.6,21,26,24,15,36
Manuel Lanzini,"MF,FW",West Ham,16115,3945,642,678,372,407,52,77,2.4,2.5,0.6,23,87,22,3,119
Aymeric Laporte,DF,Manchester City,53607,17549,933,966,1575,1624,251,316,0.6,1.3,-0.6,9,309,9,2,271
Jamaal Lascelles,DF,Newcastle Utd,10069,3526,133,184,331,392,43,95,0.4,0.5,-0.4,4,20,1,0,18
Pierre Lees-Melou,MF,Norwich City,13876,4105,413,483,252,299,107,169,1.9,2.4,-1.9,25,81,26,9,114
Aaron Lennon,"MF,FW",Burnley,3280,783,156,197,65,102,10,28,0.5,0.5,-0.5,9,14,4,2,19
Bernd Leno,GK,Arsenal,2214,1594,18,18,28,28,29,67,0,0,0,0,0,0,0,0
Jamal Lewis,DF,Newcastle Utd,1281,448,34,40,38,47,4,10,0,0,0,1,3,0,0,7
Victor Lindelöf,DF,Manchester Utd,22399,8069,452,486,637,691,107,165,0.6,0.8,1.4,4,75,6,0,72
Jesse Lingard,"FW,MF",Manchester Utd,1533,382,75,85,33,41,0,4,0.3,0.2,-0.3,8,11,2,0,13
Valentino Livramento,DF,Southampton,12649,4429,507,587,281,388,43,106,2.7,2.7,-1.7,20,44,27,8,80
Diego Llorente,DF,Leeds United,21989,7473,335,389,648,712,118,225,0.1,0.2,-0.1,2,68,3,0,97
Hugo Lloris,GK,Tottenham,18629,12234,247,252,295,299,211,388,0.2,0.1,-0.2,2,15,1,0,0
Giovani Lo Celso,"MF,FW",Tottenham,1757,346,76,81,28,40,10,13,0.7,0.3,-0.7,5,10,0,0,8
Jürgen Locadia,"MF,FW",Brighton,25,0,0,0,1,1,0,0,0,0,0,0,0,0,0,0
Ruben Loftus-Cheek,"MF,DF",Chelsea,13025,3046,507,547,315,355,33,42,2.4,2.4,-0.4,18,77,20,0,108
Kevin Long,DF,Burnley,1696,601,19,22,46,54,14,21,0,0,0,0,2,0,0,4
Shane Long,FW,Southampton,411,97,32,46,5,11,0,1,0.1,0.1,-0.1,2,4,1,0,3
Sean Longstaff,MF,Newcastle Utd,8348,2303,229,271,177,200,52,89,0.8,0.8,0.2,7,44,4,0,43
Ademola Lookman,"FW,MF",Leicester City,5124,1306,260,313,113,136,8,21,1.9,1.8,-1.9,23,19,20,1,54
Jonas Lössl,GK,Brentford,1177,782,6,6,17,18,18,36,0,0,0,0,2,0,0,1
Imran Louza,MF,Watford,9666,3088,208,254,226,284,75,143,1.1,1.1,-1.1,15,63,8,1,67
Matthew Lowton,DF,Burnley,10846,5050,302,344,197,286,90,208,2.1,1.6,-0.1,18,65,21,9,74
Douglas Luiz,MF,Aston Villa,21991,7065,567,644,559,629,121,210,2.5,2.2,0.5,37,107,19,2,105
Romelu Lukaku,FW,Chelsea,2627,415,157,194,43,65,6,12,3,1.7,-3,24,10,9,0,19
Lyanco,DF,Southampton,5428,2134,94,107,158,189,25,89,0.1,0.1,-0.1,3,25,2,0,18
Alexis Mac Allister,"MF,FW",Brighton,14410,4157,411,473,328,370,78,133,1.9,2.6,0.1,31,104,25,2,137
James Maddison,"MF,FW",Leicester City,13401,4128,389,453,292,365,89,198,5.1,3.9,2.9,48,82,38,7,136
Harry Maguire,DF,Manchester Utd,27400,9647,436,476,722,792,174,265,0.1,0.6,-0.1,4,116,2,0,115
Riyad Mahrez,FW,Manchester City,11969,2132,443,486,264,313,53,102,4.2,3.8,0.8,39,27,34,6,70
Ainsley Maitland-Niles,MF,Arsenal,1811,549,46,58,54,62,6,13,0.3,0.5,-0.3,3,16,4,1,15
Sadio Mané,FW,Liverpool,12061,2748,460,550,274,360,44,67,5.2,4.4,-3.2,41,63,61,5,130
Javier Manquillo,DF,Newcastle Utd,4133,1621,194,223,85,124,12,38,0.3,0.3,1.7,4,19,0,0,22
Fernando Marçal,"MF,DF",Wolves,10434,3383,356,394,264,347,35,87,0.6,0.7,-0.6,10,35,9,4,50
Solly March,"DF,FW",Brighton,9536,2619,291,348,178,245,67,115,2.3,2.9,-0.3,35,30,33,8,69
Pablo Marí,DF,Arsenal,1437,481,33,37,40,41,5,11,0.1,0.3,-0.1,1,6,0,0,9
Anthony Martial,FW,Manchester Utd,946,198,43,51,23,28,0,2,0,0.4,0,0,5,5,0,14
Gabriel Martinelli,"FW,MF",Arsenal,6765,1235,252,303,150,204,29,62,4.3,3.4,1.7,34,11,16,5,37
Emiliano Martínez,GK,Aston Villa,21013,14329,202,203,383,390,227,502,0,0,0,0,15,0,0,0
Adam Masina,DF,Watford,7252,3197,147,183,178,230,47,121,0.7,0.7,0.3,7,33,7,6,37
Arthur Masuaku,"DF,FW",West Ham,4058,1291,171,189,87,121,15,40,0.8,0.8,0.2,2,30,6,2,33
Juan Mata,MF,Manchester Utd,2589,580,119,127,43,52,14,19,0.2,0.3,-0.2,2,16,6,2,16
Jean-Philippe Mateta,FW,Crystal Palace,1749,253,106,142,29,44,2,7,1.3,0.6,-0.3,7,4,3,1,6
Nemanja Matić,MF,Manchester Utd,15189,4882,447,493,344,384,88,110,2,1.4,2,13,97,7,2,98
Joël Matip,DF,Liverpool,39370,13117,675,757,1170,1262,202,271,1.3,2,1.7,12,186,9,0,186
Neal Maupay,FW,Brighton,6208,920,279,326,144,174,11,19,2.4,2,-0.4,23,20,25,2,48
Bryan Mbeumo,FW,Brentford,7739,1649,315,409,149,229,38,81,3.7,3.3,3.3,34,33,28,7,56
James McArthur,MF,Crystal Palace,13033,3152,357,397,330,366,61,114,1.4,1,1.6,16,64,19,4,84
James Mcatee,"MF,FW",Manchester City,141,7,3,5,6,6,0,1,0,0,0,0,0,0,0,1
Kasey McAteer,FW,Leicester City,5,0,1,1,0,0,0,0,0,0,0,0,0,0,0,0
Liam McCarron,FW,Leeds United,42,0,1,1,0,0,1,1,0,0,0,0,0,0,0,0
Alex McCarthy,GK,Southampton,8708,6548,79,79,139,141,97,283,0,0,0,1,9,0,0,0
John McGinn,MF,Aston Villa,20891,8296,394,464,416,515,187,318,5.3,5.3,-1.3,51,163,48,12,196
Stuart McKinstry,MF,Leeds United,28,0,1,1,1,2,0,0,0,0,0,0,0,0,0,0
Kenny McLean,MF,Norwich City,13086,4130,390,488,301,386,71,143,0.8,1,-0.8,10,73,21,0,99
Dwight McNeil,MF,Burnley,14022,4010,377,434,265,358,112,245,4.6,5.3,-3.6,47,67,43,21,104
Scott McTominay,MF,Manchester Utd,18096,5343,492,561,427,482,108,134,1.5,2,-0.5,23,113,9,2,125
Ben Mee,DF,Burnley,11809,4762,175,215,245,301,111,218,1,0.1,-1,5,51,2,1,38
Hannibal Mejbri,FW,Manchester Utd,180,9,12,13,3,3,0,1,0,0,0,0,1,0,0,0
Benjamin Mendy,DF,Manchester City,1225,387,42,46,33,35,3,7,0.1,0.1,-0.1,2,9,1,1,9
Édouard Mendy,GK,Chelsea,17070,11353,282,284,333,344,157,288,0,0,0,0,5,0,0,0
Nampalys Mendy,MF,Leicester City,9282,1636,304,323,233,247,35,43,0,0.1,0,1,39,0,0,36
Illan Meslier,GK,Leeds United,24030,14107,249,253,558,571,227,560,0,0,0,0,3,0,0,0
Luka Milivojević,MF,Crystal Palace,7100,2097,182,202,157,185,46,79,0.7,1,-0.7,11,36,6,3,37
James Milner,"MF,DF",Liverpool,11063,3500,301,327,264,312,62,95,2.2,1.5,-1.2,22,73,18,6,73
Yerry Mina,DF,Everton,5565,1860,97,116,136,159,43,68,0,0,0,1,10,0,0,20
Takumi Minamino,"FW,MF",Liverpool,648,146,42,45,10,15,2,2,0.5,0.6,-0.5,2,6,3,0,5
Tyrone Mings,DF,Aston Villa,26051,10825,446,513,744,820,130,302,1.6,1.1,1.4,10,85,5,0,91
Tyrick Mitchell,DF,Crystal Palace,21564,10421,745,864,526,700,84,236,1.7,1.7,0.3,21,103,33,15,134
Jakub Moder,MF,Brighton,8501,2438,320,399,194,264,28,55,2.2,2.2,0.8,16,57,20,5,89
Wesley Moraes,FW,Aston Villa,8,4,0,0,0,0,0,0,0,0,0,0,0,0,0,0
Tyler Morton,MF,Liverpool,527,116,15,16,9,9,5,7,0,0,0,0,5,0,0,4
Mason Mount,MF,Chelsea,13767,4197,609,673,266,346,56,128,6.7,6.9,3.3,58,70,61,10,164
Lucas Moura,"FW,MF",Tottenham,7667,2267,340,413,180,243,17,38,5,2.8,1,34,59,27,4,99
João Moutinho,MF,Wolves,31501,7578,700,779,734,825,221,331,2.7,2.3,-1.7,39,170,18,4,196
Bali Mumba,DF,Norwich City,78,27,6,6,1,1,0,2,0,0,0,0,0,0,0,1
Jacob Murphy,"FW,DF",Newcastle Utd,5480,1975,182,233,119,183,29,82,2.6,1.9,-0.6,20,33,19,6,44
Enock Mwepu,MF,Brighton,3992,899,159,191,98,127,10,29,1.6,0.8,2.4,9,18,4,0,27
Vitaliy Mykolenko,DF,Everton,4900,2092,188,216,96,155,25,66,0.8,0.8,-0.8,8,21,7,5,27
Marvelous Nakamba,MF,Aston Villa,4835,1518,187,219,114,129,18,21,0,0.2,0,2,33,1,0,24
Wilfred Ndidi,"MF,DF",Leicester City,11258,3104,393,465,279,332,41,65,0,0.2,0,2,36,4,0,57
Tanguy Ndombele,MF,Tottenham,3175,787,124,136,78,90,10,13,0.4,0.5,0.6,4,22,3,0,21
Reiss Nelson,FW,Arsenal,66,0,7,10,0,1,0,0,0,0.1,0,1,0,0,0,0
Pedro Neto,"FW,MF",Wolves,2805,542,97,106,61,82,13,29,1,0.9,0,13,4,4,2,10
Rúben Neves,MF,Wolves,34995,8702,487,553,827,937,299,416,3.1,2.7,-1.1,25,200,30,5,202
Jeremy Ngakia,DF,Watford,5489,2535,147,175,139,172,26,61,0.5,0.6,-0.5,4,37,7,3,39
Saúl Ñíguez,"DF,MF",Chelsea,4777,1025,168,185,108,122,20,29,0.5,0.2,-0.5,3,15,2,2,15
Eddie Nketiah,FW,Arsenal,2484,379,96,115,66,78,5,8,2,0.8,-1,13,7,4,0,21
Nicolas Nkoulou,DF,Watford,1025,223,15,16,27,30,6,8,0,0,0,1,2,0,0,2
Mark Noble,MF,West Ham,4287,1128,127,137,109,119,21,32,0,0.1,0,1,21,0,0,14
Mathias Normann,MF,Norwich City,10908,3882,213,262,226,314,90,175,1.8,1.5,0.2,13,59,14,1,75
Christian Nørgaard,MF,Brentford,21669,6947,667,789,543,651,87,145,3.3,2.9,0.7,29,149,24,3,169
Angelo Ogbonna,DF,West Ham,7815,2674,123,127,244,271,34,69,0,0,0,0,16,0,0,14
Michael Olise,"FW,MF",Crystal Palace,7870,2233,254,290,143,207,57,108,3.9,3.6,1.1,24,39,26,9,63
Robin Olsen,GK,Aston Villa,847,651,6,6,8,8,11,31,0,0,0,0,0,0,0,0
Andrew Omobamidele,DF,Norwich City,3559,1026,75,85,100,115,18,27,0,0,0,0,10,0,0,14
Tyler Onyango,MF,Everton,17,5,0,1,1,1,0,0,0,0,0,0,0,0,0,0
Frank Onyeka,MF,Brentford,4083,990,135,159,94,115,18,30,0.2,0.4,-0.2,4,23,7,1,35
Divock Origi,FW,Liverpool,297,47,18,23,3,5,1,1,0,0.1,0,0,0,1,0,2
Alex Oxlade-Chamberlain,"MF,FW",Liverpool,5588,1406,136,161,133,157,36,55,1.1,0.8,-0.1,10,45,16,4,61
Cole Palmer,"FW,MF",Manchester City,561,109,32,33,9,12,3,5,0.2,0.3,-0.2,2,2,3,0,3
Emerson Palmieri,DF,Chelsea,6,0,1,1,0,0,0,0,0,0,0,0,0,0,0,0
Thomas Partey,MF,Arsenal,18440,5553,452,501,453,511,114,158,1,0.9,0,17,120,12,0,119
Nicolas Pépé,"FW,MF",Arsenal,4064,843,171,196,85,109,15,32,1.7,1,0.3,12,12,9,3,17
Ricardo Pereira,DF,Leicester City,7167,2380,329,370,162,206,18,38,1.3,1.2,1.7,10,19,17,2,43
Ayoze Pérez,"MF,FW",Leicester City,1552,421,75,89,29,35,5,8,1.6,0.6,1.4,11,12,5,0,18
Sonny Perkins,MF,West Ham,0,0,0,1,0,0,0,0,0,0,0,0,0,0,0,0
Romain Perraud,DF,Southampton,6658,2707,296,361,148,236,19,84,0.7,0.5,0.3,8,36,8,5,48
Kalvin Phillips,MF,Leeds United,15278,4563,284,320,396,440,98,170,0.7,0.6,0.3,9,79,12,2,93
Jaden Philogene Bidace,FW,Aston Villa,0,0,0,0,0,0,0,0,0,0,0,0,0,0,0,0
Jordan Pickford,GK,Everton,23302,19151,83,83,204,208,321,848,0.1,0.2,-0.1,4,64,3,0,0
Erik Pieters,DF,Burnley,3727,1517,131,160,85,112,15,43,1,0.3,0,2,16,1,1,15
Ethan Pinnock,DF,Brentford,21899,8784,506,605,591,768,105,227,1.2,1.4,-0.2,11,81,6,4,77
Daniel Podence,"FW,MF",Wolves,6967,2148,248,302,121,184,49,78,3.9,3.2,-0.9,36,32,36,10,75
Paul Pogba,"MF,FW",Manchester Utd,13244,3871,350,400,255,296,105,132,3.5,2.8,5.5,24,99,24,2,117
Nick Pope,GK,Burnley,24142,21499,35,40,129,135,392,901,0.1,0.2,-0.1,2,49,3,0,0
Isaac Price,MF,Everton,16,0,0,0,1,2,0,0,0,0,0,0,0,0,0,0
Teemu Pukki,FW,Norwich City,5175,838,257,308,94,124,19,27,3.8,2.9,-0.8,27,21,6,1,34
Christian Pulisic,"MF,FW",Chelsea,4638,921,240,279,100,121,7,13,1.3,1.1,0.7,15,19,6,0,38
Przemysław Płacheta,"FW,MF",Norwich City,1640,469,65,77,30,44,8,19,0.8,0.6,-0.8,4,6,5,2,10
Jesuran Rak Sakyi,"FW,MF",Crystal Palace,246,32,17,17,2,2,1,1,0,0,0,0,1,0,0,0
Aaron Ramsdale,GK,Arsenal,20520,14378,196,199,394,404,203,566,0,0,0,0,26,0,0,1
Jacob Ramsey,MF,Aston Villa,13297,3505,484,548,323,359,48,64,1.9,2.3,-0.9,21,92,21,4,132
Raphinha,"FW,MF",Leeds United,13788,5181,399,497,275,420,99,259,7.5,6.2,-4.5,65,91,49,11,134
Marcus Rashford,"FW,MF",Manchester Utd,3973,706,199,252,82,110,7,20,2.1,2,-0.1,9,18,10,1,28
Milot Rashica,"FW,MF",Norwich City,6213,1883,190,240,117,207,45,105,2.1,2.4,-0.1,36,33,20,8,46
David Raya,GK,Brentford,22782,17533,137,138,302,310,296,625,0,0.1,0,1,45,0,0,3
Nathan Redmond,"MF,FW",Southampton,7900,2509,277,338,172,247,37,92,3.9,3.1,1.1,34,38,44,13,95
Sergio Reguilón,"DF,MF",Tottenham,11784,3362,394,453,271,355,54,99,3.3,3.8,-0.3,29,35,31,21,50
Declan Rice,MF,West Ham,35788,9260,848,903,887,938,203,258,1.7,1.5,2.3,24,256,26,4,256
Taylor Richards,MF,Brighton,346,81,11,14,8,9,2,2,0,0,0,1,2,0,0,3
Richarlison,FW,Everton,4539,967,192,278,96,141,15,41,3.6,2.1,1.4,29,21,13,1,42
Jaïro Riedewald,MF,Crystal Palace,795,204,27,31,16,16,4,7,0.1,0,-0.1,2,4,0,0,4
Matt Ritchie,DF,Newcastle Utd,9145,4445,262,288,156,207,79,181,2,2.5,0,28,42,16,8,48
Connor Roberts,DF,Burnley,9841,4321,271,314,232,355,55,138,1.2,1.5,-0.2,13,46,17,5,61
Tyler Roberts,"MF,FW",Leeds United,3004,771,124,154,61,81,13,29,1,0.7,0,15,17,10,2,29
Andrew Robertson,DF,Liverpool,30530,10280,980,1078,759,906,120,268,5.6,5.5,4.4,55,131,45,13,186
Joe Rodon,DF,Tottenham,509,133,9,11,15,17,3,4,0,0,0,0,0,0,0,0
Rodri,MF,Manchester City,48233,11300,1107,1185,1207,1271,294,358,1.4,2.7,0.6,29,284,37,3,285
Rodrigo,"MF,FW",Leeds United,10330,2668,371,453,188,243,63,96,3.1,2.7,-2.1,38,54,31,6,105
Jay Rodriguez,FW,Burnley,2439,672,127,185,39,78,9,19,2.1,0.5,-0.1,12,16,3,1,19
Mads Roerslev,DF,Brentford,3857,1221,107,138,100,149,17,45,0.6,0.8,0.4,7,16,8,7,22
Cristian Romero,DF,Tottenham,20261,7099,473,517,551,590,93,159,0.3,0.5,-0.3,6,57,7,0,65
Oriol Romeu,MF,Southampton,23235,6190,676,787,535,614,133,198,2.9,2.5,-0.9,37,148,23,3,156
Cristiano Ronaldo,FW,Manchester Utd,8929,1337,469,541,174,218,20,29,2.9,2,0.1,26,46,16,0,64
Salomón Rondón,FW,Everton,1410,190,77,116,23,41,5,5,0.7,0.7,0.3,8,4,1,0,9
Danny Rose,DF,Watford,4251,2344,104,118,90,128,29,71,0.8,0.5,-0.8,5,29,7,1,33
Jon Rowe,"FW,MF",Norwich City,534,142,34,42,8,10,1,7,0.5,0.2,0.5,5,4,2,0,3
John Ruddy,GK,Wolves,458,296,11,12,6,6,4,14,0,0,0,0,1,0,0,0
Antonio Rüdiger,DF,Chelsea,41765,13323,865,926,1079,1167,247,369,0.7,1.5,-0.7,12,219,24,3,188
Lukas Rupp,MF,Norwich City,4884,1244,170,191,116,129,22,35,1.4,1.1,-1.4,9,24,5,1,35
José Sá,GK,Wolves,20016,12844,161,164,379,386,223,548,0.9,0,0.1,3,14,1,0,2
Allan Saint-Maximin,"FW,MF",Newcastle Utd,7953,1853,299,359,165,225,38,75,4.3,3.8,0.7,50,51,32,8,87
Romain Saïss,DF,Wolves,26860,12453,585,658,691,812,148,298,0.3,0.3,-0.3,7,159,1,0,137
Bukayo Saka,"FW,MF",Arsenal,13040,2831,527,612,289,374,46,106,7.5,6.9,-0.5,68,40,31,6,101
Mohamed Salah,FW,Liverpool,11516,3063,567,648,233,309,29,49,10,7.4,3,62,46,57,4,122
Mohammed Salisu,DF,Southampton,24582,11429,582,672,664,829,116,280,0.8,0.7,-0.8,9,150,5,2,136
Albert Sambi Lokonga,MF,Arsenal,12262,3171,331,367,324,352,54,78,1,1.1,-1,18,68,14,1,84
Davinson Sánchez,DF,Tottenham,17192,5242,398,433,515,546,59,111,0.3,1,-0.3,5,70,6,1,65
Robert Sánchez,GK,Brighton,28041,16948,200,200,601,612,277,699,0.4,0.2,-0.4,3,26,0,0,1
Jadon Sancho,"FW,MF",Manchester Utd,10392,2336,525,602,218,271,21,30,4.1,3.6,-1.1,41,31,39,7,88
Morgan Sanson,MF,Aston Villa,1851,506,72,78,40,53,6,15,0,0.1,0,1,18,1,1,21
Samir Santos,DF,Watford,10401,3673,185,202,292,328,55,125,0.1,0.1,-0.1,2,27,2,0,24
Josh Sargent,"FW,MF",Norwich City,3577,820,208,258,63,96,8,16,0.9,1.2,0.1,11,8,5,0,12
Jeremy Sarmiento,"FW,MF",Brighton,156,37,8,12,5,5,0,0,0,0,0,0,1,1,0,1
Ismaila Sarr,"FW,MF",Watford,4981,1253,182,225,105,144,21,41,2.9,2.3,-0.9,21,21,22,4,52
Malang Sarr,DF,Chelsea,7202,2241,191,206,211,226,26,48,0.4,0.3,-0.4,3,36,2,1,23
Dane Scarlett,MF,Tottenham,9,0,1,1,0,0,0,0,0,0,0,0,0,0,0,0
Fabian Schär,DF,Newcastle Utd,15904,7292,199,251,332,402,156,326,1.1,0.9,0.9,9,69,15,1,59
Jeffrey Schlupp,"MF,FW",Crystal Palace,7971,2386,249,302,201,253,29,55,1.6,1.2,-0.6,18,46,12,2,70
Kasper Schmeichel,GK,Leicester City,26527,17896,149,150,462,474,329,660,0,0,0,1,8,1,0,2
Ken Sema,"MF,FW",Watford,2280,758,84,108,35,53,15,39,1.3,1.1,-1.3,12,7,3,2,8
Nélson Semedo,"MF,DF",Wolves,12766,4408,567,628,290,367,31,92,1.3,1.4,-0.3,18,62,12,2,78
Ryan Sessegnon,"DF,MF",Tottenham,4537,1156,185,218,96,132,20,41,2.7,2.4,-0.7,14,13,12,4,22
Jamie Shackleton,"DF,MF",Leeds United,5216,1417,180,194,151,166,9,18,0,0.1,0,1,23,2,0,36
Luke Shaw,DF,Manchester Utd,14230,5275,551,612,294,361,64,134,3.6,2.7,-0.6,39,74,16,5,82
Jonjo Shelvey,MF,Newcastle Utd,15780,5306,260,303,299,351,165,256,1,1.5,0,16,91,9,1,84
Shola Shoretire,MF,Manchester Utd,69,14,2,2,1,1,1,1,0,0,0,0,0,0,0,0
Francisco Sierralta,DF,Watford,3070,927,16,26,111,121,13,30,0,0,0,0,1,0,0,2
Bernardo Silva,"MF,FW",Manchester City,24552,4453,1027,1113,543,614,73,109,6.5,4,-2.5,59,106,42,6,170
Fábio Silva,FW,Wolves,1117,264,64,84,18,27,2,4,0.2,0.7,-0.2,3,5,6,0,14
Thiago Silva,DF,Chelsea,45456,20402,911,953,1243,1292,237,319,0.2,0.9,-0.2,7,197,18,1,145
Ellis Simms,FW,Everton,66,19,5,9,1,1,0,0,0,0,0,0,0,0,0,0
Moussa Sissoko,MF,Watford,14966,4705,469,570,321,398,89,131,3.1,2.3,-2.1,37,95,24,11,116
Oliver Skipp,MF,Tottenham,11665,2984,383,408,302,323,36,59,0.7,1.1,-0.7,8,78,11,2,76
William Smallbone,"MF,FW",Southampton,284,86,9,14,10,16,1,4,0,0,0,1,0,0,0,2
Emile Smith Rowe,"MF,FW",Arsenal,9733,1935,401,441,230,268,25,58,2,2.3,0,30,41,20,1,85
Cédric Soares,DF,Arsenal,14331,4550,442,490,353,421,59,149,1.6,1.3,-0.6,18,86,22,16,84
Tomáš Souček,MF,West Ham,17344,4438,510,638,403,495,91,134,2.2,1.8,-1.2,21,105,12,2,141
Boubakary Soumaré,MF,Leicester City,6701,1678,241,280,156,184,31,46,0.4,0.3,0.6,6,38,5,1,45
Çağlar Söyüncü,DF,Leicester City,29197,10178,654,720,827,894,125,263,0.1,0.2,-0.1,3,70,3,2,71
Tony Springett,"MF,FW",Norwich City,348,78,16,22,9,10,0,2,0.5,0,-0.5,2,1,1,1,2
Jason Steele,GK,Brighton,744,408,9,9,21,21,4,8,0,0,0,0,0,0,0,0
Jed Steer,GK,Aston Villa,700,558,8,8,17,17,5,13,0,0,0,0,0,0,0,0
Zack Steffen,GK,Manchester City,567,330,17,17,15,15,2,7,0,0,0,0,0,0,0,0
Dale Stephens,MF,Burnley,812,228,20,27,17,20,7,7,0,0.1,0,1,4,2,0,5
Jack Stephens,DF,Southampton,6659,2565,143,158,184,219,29,79,0.3,0.2,-0.3,4,24,1,0,28
Raheem Sterling,FW,Manchester City,9140,1729,479,527,184,226,14,29,5.5,4.6,-0.5,42,15,48,9,65
Finley Stevens,DF,Brentford,82,39,3,3,1,2,1,2,0.1,0,-0.1,1,0,1,0,2
John Stones,DF,Manchester City,16544,4754,391,420,426,455,83,102,0.2,0.3,-0.2,4,82,4,0,63
Pascal Struijk,"DF,MF",Leeds United,20168,6807,372,423,616,665,85,148,0.4,0.2,-0.4,11,62,1,0,86
Crysencio Summerville,"MF,FW",Leeds United,638,142,32,37,14,21,1,3,0,0.1,0,2,2,4,0,7
Jakob Sørensen,"MF,DF",Norwich City,4615,1347,98,111,117,132,29,50,0,0.1,0,0,21,2,1,20
Japhet Tanganga,DF,Tottenham,4995,1531,175,191,124,158,19,36,0.2,0.4,-0.2,2,9,4,1,20
Matt Targett,DF,Aston Villa,10224,4703,287,338,238,299,56,131,1.7,1.6,-0.7,21,68,20,8,83
Matt Targett,DF,Newcastle Utd,9448,4669,275,310,230,302,46,131,1.9,1.5,-1.9,20,47,13,6,53
James Tarkowski,DF,Burnley,18096,8529,259,356,369,479,172,314,0.5,0.9,1.5,10,75,12,0,97
Nuno Tavares,DF,Arsenal,8861,2473,324,357,220,260,25,59,1.1,1,-0.1,10,37,10,5,42
Charlie Taylor,DF,Burnley,16556,7025,497,563,344,455,101,262,3.8,2.4,-0.8,21,72,25,19,91
Nathan Tella,"MF,FW",Southampton,1445,383,61,81,31,55,4,13,0.6,0.3,0.4,7,11,4,3,17
Alex Telles,DF,Manchester Utd,13213,5198,531,592,288,389,53,163,1.9,2.2,2.1,26,53,16,9,66
Luke Thomas,DF,Leicester City,14404,5124,597,660,346,434,37,96,1.3,1.3,-0.3,12,75,13,3,95
Dominic Thompson,DF,Brentford,297,81,13,18,8,13,0,8,0,0,0,0,0,0,0,0
Youri Tielemans,MF,Leicester City,23843,7353,720,808,574,672,119,209,4.2,3.8,-0.2,37,171,28,7,202
Kieran Tierney,DF,Arsenal,16286,5207,379,427,431,513,82,174,1.8,1.7,1.2,20,81,24,12,105
Takehiro Tomiyasu,DF,Arsenal,14779,5387,441,497,375,449,57,107,1,1.1,0,13,91,17,12,96
James Tomkins,DF,Crystal Palace,6021,1857,58,68,177,188,40,61,0.2,0.1,-0.2,2,5,0,0,8
Ivan Toney,FW,Brentford,5786,2033,266,411,108,204,23,51,5.8,5.6,-0.8,43,56,25,2,83
Ferrán Torres,FW,Manchester City,711,64,32,39,15,20,2,3,0,0.2,1,1,0,1,0,4
Cenk Tosun,MF,Everton,22,0,0,0,1,1,0,0,0,0,0,0,0,0,0,0
Andros Townsend,"MF,FW",Everton,5285,1870,185,219,114,153,28,82,3.1,2.5,-1.1,31,24,26,16,50
Adama Traoré,"FW,MF",Wolves,3655,663,126,158,79,109,21,31,1.4,1.4,-1.4,18,15,12,6,29
Bertrand Traoré,"MF,FW",Aston Villa,923,210,34,41,24,32,2,5,0,0.1,0,0,5,5,0,12
Trézéguet,FW,Aston Villa,98,10,4,4,1,1,1,1,0,0,0,0,1,0,0,1
Francisco Trincão,"FW,MF",Wolves,5329,1095,201,230,104,127,30,55,1.6,1.6,-0.6,14,29,11,3,40
Kieran Trippier,DF,Newcastle Utd,3454,1758,93,112,59,87,33,69,0.3,0.5,-0.3,7,15,5,0,17
William Troost-Ekong,DF,Watford,10969,4190,95,112,275,316,96,165,0.1,0.1,-0.1,1,27,0,0,30
Leandro Trossard,"FW,MF",Brighton,14462,3283,479,569,282,357,90,130,4.8,4.9,-1.8,47,71,53,3,154
Kostas Tsimikas,DF,Liverpool,8423,2744,249,278,219,288,36,98,2.7,1.9,-0.7,25,34,16,7,47
Axel Tuanzebe,DF,Aston Villa,3996,1437,66,73,111,123,25,39,0,0,0,0,4,0,0,6
Ozan Tufan,MF,Watford,1332,409,42,53,34,47,4,8,0.3,0.1,-0.3,4,13,2,0,16
Christos Tzolis,"FW,MF",Norwich City,1152,287,41,51,26,31,5,15,0.7,0.6,-0.7,8,1,3,0,13
Yan Valery,DF,Southampton,1705,502,48,56,52,70,3,17,0.1,0.1,-0.1,1,13,1,1,10
Virgil van Dijk,DF,Liverpool,46859,18162,780,848,1298,1375,278,395,1.5,1,-0.5,9,156,4,0,145
Raphaël Varane,DF,Manchester Utd,20563,6918,305,339,584,629,118,168,0.2,0.3,0.8,4,65,1,0,49
Jamie Vardy,FW,Leicester City,2679,550,86,121,69,88,8,13,1.4,1,0.6,18,9,15,2,28
Joël Veltman,DF,Brighton,25694,9691,577,662,742,909,102,220,1.6,1.3,-0.6,17,118,22,6,124
Jannik Vestergaard,DF,Leicester City,6618,2247,118,129,171,182,42,59,0,0.1,0,1,14,1,0,19
Nikola Vlašić,"FW,MF",West Ham,2200,370,106,122,44,57,7,16,0.6,0.6,-0.6,9,6,3,1,14
Matěj Vydra,FW,Burnley,789,190,52,70,10,16,1,2,0.7,0.6,2.3,6,1,2,0,7
Theo Walcott,"MF,FW",Southampton,759,128,36,43,15,27,3,4,0,0.1,0,1,2,1,0,5
Kyle Walker,DF,Manchester City,26238,7085,654,697,672,732,136,192,1.3,2.1,0.7,11,178,17,4,146
Kyle Walker-Peters,DF,Southampton,16094,5790,606,686,368,470,65,113,2.7,3.4,-0.7,24,64,36,1,147
Aaron Wan-Bissaka,DF,Manchester Utd,12449,4048,598,657,255,307,36,67,0.9,0.9,-0.9,14,52,12,8,61
Danny Ward,GK,Leicester City,646,380,6,6,20,20,4,7,0,0,0,0,0,0,0,0
Joel Ward,DF,Crystal Palace,22621,8364,675,746,574,683,99,234,0.5,1.3,-0.5,6,104,12,4,119
James Ward-Prowse,MF,Southampton,27629,9209,813,880,635,760,156,390,6.5,6.3,-1.5,71,169,16,10,189
Ollie Watkins,FW,Aston Villa,5923,1163,315,403,115,173,10,24,3.4,2.6,-1.4,34,29,17,0,60
Adam Webster,DF,Brighton,18182,7344,308,351,512,587,103,188,0,0.3,0,1,104,1,0,109
Wout Weghorst,FW,Burnley,2956,740,184,260,45,71,7,11,1.5,1.3,1.5,14,17,7,1,26
Danny Welbeck,"FW,MF",Brighton,2412,411,144,173,43,56,4,6,1.2,0.7,0.8,18,10,9,0,23
Timo Werner,"FW,MF",Chelsea,3577,478,197,230,69,92,8,16,0.3,0.8,0.7,8,9,9,1,18
Ashley Westwood,MF,Burnley,16111,5915,347,418,361,468,119,276,4.1,4.5,-1.1,33,118,32,5,130
Ben White,DF,Arsenal,29470,10724,539,610,857,933,143,254,1.3,0.9,-1.3,13,148,2,0,124
Brandon Williams,DF,Norwich City,14660,5198,454,524,371,460,62,106,1.9,1.4,-0.9,21,48,19,3,90
Neco Williams,DF,Liverpool,143,16,5,5,4,4,0,0,0.7,0.5,0.3,1,0,0,0,0
Joe Willock,MF,Newcastle Utd,6691,1794,253,299,150,177,28,40,1.2,0.6,-1.2,18,38,7,1,58
Callum Wilson,FW,Newcastle Utd,1319,286,63,84,26,40,3,5,0.5,0.6,-0.5,10,6,3,1,9
Harry Winks,MF,Tottenham,9806,3088,248,272,258,286,50,80,1.5,1.9,-0.5,11,79,13,3,73
Yoane Wissa,FW,Brentford,2465,593,121,164,50,70,7,17,0.9,1,0.1,9,13,10,1,29
Chris Wood,FW,Burnley,2190,520,124,203,37,63,4,6,0.5,0.4,-0.5,9,27,4,0,23
Chris Wood,FW,Newcastle Utd,1958,472,126,207,26,65,6,10,1.1,0.5,-1.1,10,18,2,0,18
Freddie Woodman,GK,Newcastle Utd,2295,1690,14,14,33,33,27,71,0,0,0,0,5,0,0,0
Granit Xhaka,"MF,DF",Arsenal,23204,6399,634,713,594,667,109,150,2.3,2.2,-0.3,32,194,41,7,230
Andriy Yarmolenko,"FW,MF",West Ham,1285,237,40,52,31,36,6,9,0.3,0.3,-0.3,4,3,4,1,12
Ashley Young,"DF,FW",Aston Villa,7689,2712,282,314,155,204,38,78,1,0.4,1,13,48,10,3,45
Nathan Young-Coombes,MF,Brentford,0,0,0,0,0,0,0,0,0,0,0,0,0,0,0,0
Wilfried Zaha,FW,Crystal Palace,10942,2907,432,509,252,311,36,63,5.1,5.4,-4.1,46,38,66,12,121
Christoph Zimmermann,DF,Norwich City,817,404,15,19,23,27,5,12,0,0,0,0,3,1,0,4
Oleksandr Zinchenko,DF,Manchester City,14439,4109,529,562,354,387,46,75,2.7,2.5,1.3,16,104,22,5,113
Hakim Ziyech,"MF,FW",Chelsea,7935,2498,336,380,141,204,40,98,2.9,3.1,0.1,29,48,28,8,88
Kurt Zouma,DF,West Ham,16585,5514,300,323,502,541,64,121,0.1,0.1,-0.1,2,24,2,0,33
Martin Ødegaard,"MF,FW",Arsenal,21846,5049,681,763,541,612,90,145,6.3,5.4,-2.3,77,113,71,3,224